{
  "plain": 0.33694589327280855,
  "resize": {
    "360": 0.03024780222571642,
    "480": 0.05477345085690956
  },
  "blur": {
    "gaussian,3": 0.31063307736968837,
    "gaussian,5": 0.3133740346984219,
    "gaussian,7": 0.2973120542948034,
    "gaussian,9": 0.28508029894834497,
    "gaussian,11": 0.26067937753408965,
    "box,3": 0.3062546440723925,
    "box,5": 0.2855140123134756,
    "box,7": 0.24417104578394677,
    "box,9": 0.20095938183938641,
    "box,11": 0.1440847254434433,
    "median,3": 0.3235224015352593,
    "median,5": 0.29644171451539125,
    "median,7": 0.2663642314440725,
    "median,9": 0.23373705653424282,
    "median,11": 0.1963080616412134
  },
  "contrast_brightness": {
    "0.25,-30": 0.0,
    "0.25,-20": 0.01857066104444002,
    "0.25,-10": 0.12132027304158975,
    "0.25,0": 0.21580474139900768,
    "0.25,10": 0.21580474139900768,
    "0.25,20": 0.21580474139900768,
    "0.25,30": 0.21580474139900768,
    "0.5,-30": 0.22578685238894086,
    "0.5,-20": 0.30047476523001393,
    "0.5,-10": 0.3221729378394906,
    "0.5,0": 0.32435226471814993,
    "0.5,10": 0.32435226471814993,
    "0.5,20": 0.32435226471814993,
    "0.5,30": 0.32435226471814993,
    "0.75,-30": 0.3098336197251324,
    "0.75,-20": 0.33489326211380854,
    "0.75,-10": 0.3466026761177452,
    "0.75,0": 0.34375766716263806,
    "0.75,10": 0.34375766716263806,
    "0.75,20": 0.34375766716263806,
    "0.75,30": 0.34375766716263806,
    "1.0,-30": 0.32021874066565126,
    "1.0,-20": 0.33774575650469074,
    "1.0,-10": 0.3405114234924647,
    "1.0,0": 0.33694589327280855,
    "1.0,10": 0.33413787940019185,
    "1.0,20": 0.34332287411136453,
    "1.0,30": 0.34117599239430374,
    "1.25,-30": 0.32330031588488123,
    "1.25,-20": 0.3351726587560985,
    "1.25,-10": 0.33344870029939583,
    "1.25,0": 0.32374115506255835,
    "1.25,10": 0.32171454492646284,
    "1.25,20": 0.31708533939565664,
    "1.25,30": 0.3106528122008795,
    "1.5,-30": 0.31231401292588395,
    "1.5,-20": 0.3015253355137007,
    "1.5,-10": 0.3070871599548348,
    "1.5,0": 0.29925124358387883,
    "1.5,10": 0.3095137172800836,
    "1.5,20": 0.29599416892247693,
    "1.5,30": 0.2858137874202151,
    "1.75,-30": 0.3021386129219072,
    "1.75,-20": 0.29304660814924666,
    "1.75,-10": 0.2878299617115001,
    "1.75,0": 0.3013668979128505,
    "1.75,10": 0.2907454766495201,
    "1.75,20": 0.28841309607511156,
    "1.75,30": 0.2692056129982708,
    "2.0,-30": 0.28049522705389873,
    "2.0,-20": 0.28570721417938705,
    "2.0,-10": 0.2797676424612574,
    "2.0,0": 0.2773930937531236,
    "2.0,10": 0.25486263929187813,
    "2.0,20": 0.2528603495757416,
    "2.0,30": 0.24172365979417504
  }
}